-- phpMyAdmin SQL Dump
-- version 5.2.1
-- https://www.phpmyadmin.net/
--
-- Host: 127.0.0.1
-- Generation Time: Apr 01, 2025 at 06:18 PM
-- Server version: 10.4.32-MariaDB
-- PHP Version: 8.2.12

SET SQL_MODE = "NO_AUTO_VALUE_ON_ZERO";
START TRANSACTION;
SET time_zone = "+00:00";


/*!40101 SET @OLD_CHARACTER_SET_CLIENT=@@CHARACTER_SET_CLIENT */;
/*!40101 SET @OLD_CHARACTER_SET_RESULTS=@@CHARACTER_SET_RESULTS */;
/*!40101 SET @OLD_COLLATION_CONNECTION=@@COLLATION_CONNECTION */;
/*!40101 SET NAMES utf8mb4 */;

--
-- Database: `lrc-cla`
--

-- --------------------------------------------------------

--
-- Table structure for table `adviser`
--

CREATE TABLE `adviser` (
  `adviser_id` int(11) NOT NULL,
  `adviser_fname` varchar(45) DEFAULT NULL,
  `adviser_lname` varchar(45) DEFAULT NULL
) ENGINE=InnoDB DEFAULT CHARSET=utf8mb4 COLLATE=utf8mb4_general_ci;

-- --------------------------------------------------------

--
-- Table structure for table `attendance`
--

CREATE TABLE `attendance` (
  `att_id` int(11) NOT NULL,
  `att_log_in_time` varchar(20) DEFAULT NULL,
  `att_date` varchar(20) DEFAULT NULL,
  `patron_id` int(11) DEFAULT NULL
) ENGINE=InnoDB DEFAULT CHARSET=utf8mb4 COLLATE=utf8mb4_general_ci;

-- --------------------------------------------------------

--
-- Table structure for table `audit_log`
--

CREATE TABLE `audit_log` (
  `audit_id` int(11) NOT NULL,
  `user_id` varchar(11) DEFAULT NULL,
  `action_type` varchar(255) DEFAULT NULL,
  `table_name` varchar(255) DEFAULT NULL,
  `record_id` varchar(11) DEFAULT NULL,
  `old_value` text DEFAULT NULL,
  `new_value` text DEFAULT NULL,
  `action_timestamp` timestamp NOT NULL DEFAULT current_timestamp()
) ENGINE=InnoDB DEFAULT CHARSET=utf8mb4 COLLATE=utf8mb4_general_ci;

-- --------------------------------------------------------

--
-- Table structure for table `author`
--

CREATE TABLE `author` (
  `author_id` int(11) NOT NULL,
  `author_lname` varchar(45) DEFAULT NULL,
  `author_fname` varchar(45) DEFAULT NULL
) ENGINE=InnoDB DEFAULT CHARSET=utf8mb4 COLLATE=utf8mb4_general_ci;

--
-- Dumping data for table `author`
--

INSERT INTO `author` (`author_id`, `author_lname`, `author_fname`) VALUES
(303, 'Ministries', 'RBC'),
(304, 'Artisan', 'The Philippine'),
(305, 'Manzano', 'Ronald'),
(306, 'Santos', 'Buen'),
(307, 'Buenaventura', 'John Paul Guevarra'),
(308, 'Buenaventura-Gutierrez', 'Liberty'),
(309, 'Manzano', 'Ronald G.'),
(310, 'Lansangan-Cruz', 'Zenaida'),
(311, 'Sawada', 'Masanobu'),
(312, 'Galvez', 'Virgilio DC.'),
(313, 'Lim', 'Romeo D.'),
(314, 'Mancini', 'Marc'),
(315, 'Bell', 'Ann'),
(316, 'Barrell', 'Sarah'),
(317, 'Baxter', 'Sarah'),
(318, 'Cornell', 'Daryl Ace V.'),
(319, 'Cruz', 'Reil G.'),
(320, 'Marte-Lago', 'Elpedia M.'),
(321, 'Jerusalem', 'Leo Benjamin');

-- --------------------------------------------------------

--
-- Table structure for table `availability`
--

CREATE TABLE `availability` (
  `avail_id` int(11) NOT NULL,
  `avail_name` varchar(45) DEFAULT NULL
) ENGINE=InnoDB DEFAULT CHARSET=utf8mb4 COLLATE=utf8mb4_general_ci;

--
-- Dumping data for table `availability`
--

INSERT INTO `availability` (`avail_id`, `avail_name`) VALUES
(1, 'available'),
(2, 'lost'),
(3, 'damaged'),
(4, 'archive');

-- --------------------------------------------------------

--
-- Table structure for table `book`
--

CREATE TABLE `book` (
  `book_id` int(11) NOT NULL,
  `book_isbn` varchar(45) DEFAULT NULL,
  `resource_id` int(11) DEFAULT NULL,
  `pub_id` int(11) DEFAULT NULL,
  `topic_id` int(11) DEFAULT NULL,
  `filepath` varchar(100) DEFAULT NULL
) ENGINE=InnoDB DEFAULT CHARSET=utf8mb4 COLLATE=utf8mb4_general_ci;

--
-- Dumping data for table `book`
--

INSERT INTO `book` (`book_id`, `book_isbn`, `resource_id`, `pub_id`, `topic_id`, `filepath`) VALUES
(266, '9789710167425', 570, 134, 19, 'public/images/not_found.png'),
(267, '9786214063437', 571, 135, 19, 'public/images/not_found.png'),
(268, '9789715849760', 572, 136, 19, 'public/images/not_found.png'),
(269, '9789712399107', 573, 137, 19, 'public/images/not_found.png'),
(270, '9789716102505', 574, 138, 19, 'public/images/not_found.png'),
(271, '9789719905202', 575, 139, 19, 'public/images/not_found.png'),
(272, '9789814314787', 576, 140, 19, 'public/images/not_found.png'),
(273, '9781760342593', 577, 141, 19, 'public/images/not_found.png'),
(274, '9786210403794', 578, 137, 16, 'public/images/not_found.png'),
(275, '9789719905059', 579, 142, 16, 'public/images/not_found.png');

-- --------------------------------------------------------

--
-- Table structure for table `checkin`
--

CREATE TABLE `checkin` (
  `checkin_id` int(11) NOT NULL,
  `checkin_date` date DEFAULT NULL,
  `checkout_id` int(11) DEFAULT NULL
) ENGINE=InnoDB DEFAULT CHARSET=utf8mb4 COLLATE=utf8mb4_general_ci;

-- --------------------------------------------------------

--
-- Table structure for table `checkout`
--

CREATE TABLE `checkout` (
  `checkout_id` int(11) NOT NULL,
  `checkout_date` date DEFAULT NULL,
  `checkout_due` date DEFAULT NULL,
  `resource_id` int(11) DEFAULT NULL,
  `patron_id` int(11) DEFAULT NULL,
  `status` varchar(10) NOT NULL DEFAULT 'borrowed'
) ENGINE=InnoDB DEFAULT CHARSET=utf8mb4 COLLATE=utf8mb4_general_ci;

-- --------------------------------------------------------

--
-- Table structure for table `college`
--

CREATE TABLE `college` (
  `college_id` int(11) NOT NULL,
  `college_name` varchar(45) DEFAULT NULL
) ENGINE=InnoDB DEFAULT CHARSET=utf8mb4 COLLATE=utf8mb4_general_ci;

--
-- Dumping data for table `college`
--

INSERT INTO `college` (`college_id`, `college_name`) VALUES
(1, 'College of Science'),
(2, 'College of Engineering '),
(3, 'College of Industrial Education'),
(4, 'College of Liberal Arts'),
(5, 'College of Architecture and Fine Arts'),
(6, 'College of Industrial Technology');

-- --------------------------------------------------------

--
-- Table structure for table `course`
--

CREATE TABLE `course` (
  `course_id` int(11) NOT NULL,
  `course_name` varchar(60) NOT NULL,
  `college_id` int(11) NOT NULL
) ENGINE=InnoDB DEFAULT CHARSET=utf8mb4 COLLATE=utf8mb4_general_ci;

--
-- Dumping data for table `course`
--

INSERT INTO `course` (`course_id`, `course_name`, `college_id`) VALUES
(1, 'Bachelor of Science in Information Technology', 1),
(2, 'Bachelor of Technical Teacher Education', 3),
(3, 'Bachelor of Science in Computer Science', 1),
(4, 'Bachelor of Applied Science in Laboratory Technology', 1),
(5, 'Bachelor of Science in Environmental Science', 1),
(6, 'Bachelor of Information System', 1),
(7, 'Bachelor of Science in Civil Engineering', 2),
(8, 'Bachelor of Science in Electrical Engineering', 2),
(9, 'Bachelor of Science in Electronics Engineering', 2),
(10, 'Bachelor of Science in Mechanical Engineering', 2),
(11, 'Bachelor of Science Industrial Education', 3),
(12, 'Bachelor of Science in Business Management', 4),
(13, 'Bachelor of Science in Entrepreneurship', 4),
(14, 'Bachelor of Science in Hospitality Management', 4),
(15, 'Bachelor of Science in Architecture', 5),
(16, 'Bachelor of Fine Arts', 5),
(17, 'Bachelor of Graphic Technology', 5),
(18, 'Bachelor of Science in Food Technology', 6),
(19, 'Bachelor of Engineering Technology', 6);

-- --------------------------------------------------------

--
-- Table structure for table `department`
--

CREATE TABLE `department` (
  `dept_id` int(11) NOT NULL,
  `dept_name` varchar(45) DEFAULT NULL,
  `dept_shelf_no` varchar(45) DEFAULT NULL
) ENGINE=InnoDB DEFAULT CHARSET=utf8mb4 COLLATE=utf8mb4_general_ci;

--
-- Dumping data for table `department`
--

INSERT INTO `department` (`dept_id`, `dept_name`, `dept_shelf_no`) VALUES
(1, 'social science', '1'),
(2, 'languages', '2'),
(3, 'business management ', '3'),
(4, 'hospitality and restaurant management', '4'),
(5, 'references', '5'),
(6, 'student output', '6'),
(7, 'thesis and dissertation', '7'),
(15, 'sasa', '121');

-- --------------------------------------------------------

--
-- Table structure for table `journalnewsletter`
--

CREATE TABLE `journalnewsletter` (
  `jn_id` int(11) NOT NULL,
  `jn_volume` varchar(45) DEFAULT NULL,
  `jn_issue` varchar(45) DEFAULT NULL,
  `resource_id` int(11) DEFAULT NULL,
  `topic_id` int(11) DEFAULT NULL,
  `filepath` varchar(100) NOT NULL
) ENGINE=InnoDB DEFAULT CHARSET=utf8mb4 COLLATE=utf8mb4_general_ci;

--
-- Dumping data for table `journalnewsletter`
--

INSERT INTO `journalnewsletter` (`jn_id`, `jn_volume`, `jn_issue`, `resource_id`, `topic_id`, `filepath`) VALUES
(34, '', '2014', 569, 20, 'public/images/not_found.png');

-- --------------------------------------------------------

--
-- Table structure for table `overdue`
--

CREATE TABLE `overdue` (
  `overdue_id` int(11) NOT NULL,
  `overdue_days` int(11) DEFAULT NULL,
  `overdue_fine` int(11) DEFAULT NULL,
  `checkout_id` int(11) DEFAULT NULL
) ENGINE=InnoDB DEFAULT CHARSET=utf8mb4 COLLATE=utf8mb4_general_ci;

-- --------------------------------------------------------

--
-- Table structure for table `patron`
--

CREATE TABLE `patron` (
  `patron_id` int(11) NOT NULL,
  `tup_id` varchar(50) NOT NULL,
  `patron_fname` varchar(45) DEFAULT NULL,
  `patron_lname` varchar(45) DEFAULT NULL,
  `patron_sex` varchar(45) DEFAULT NULL,
  `patron_mobile` varchar(45) DEFAULT NULL,
  `patron_email` varchar(45) DEFAULT NULL,
  `category` varchar(10) DEFAULT 'Student',
  `college_id` int(11) DEFAULT NULL,
  `course_id` int(11) DEFAULT NULL,
  `status` varchar(45) DEFAULT 'active',
  `timestamp` timestamp NULL DEFAULT current_timestamp()
) ENGINE=InnoDB DEFAULT CHARSET=utf8mb4 COLLATE=utf8mb4_general_ci;

--
-- Dumping data for table `patron`
--

INSERT INTO `patron` (`patron_id`, `tup_id`, `patron_fname`, `patron_lname`, `patron_sex`, `patron_mobile`, `patron_email`, `category`, `college_id`, `course_id`, `status`, `timestamp`) VALUES
(194, 'TUPM-21-0210', 'Giolliana', 'Plandez', 'Female', '09151150102', 'giolliana.plandez@tup.edu.ph', 'Student', 1, 1, 'active', '2025-04-01 14:09:44'),
(195, 'TUPM-23-1538', 'Kristine Danielle ', 'Ferrer ', 'Female', '09929927679', 'kristinedanielle.ferrer@tup.edu.ph', 'Student', 2, 10, 'active', '2025-04-01 14:09:44'),
(196, 'TUPM-24-1038', 'Sophia Luisa', 'Balagtas', 'Female', '09085501761', 'sophialuisa.balagtas@tup.edu.ph', 'Student', 6, 18, 'active', '2025-04-01 14:09:44'),
(197, 'TUPM-24-1840', 'Kerzlyn', 'Alto', 'Female', '09213499780', 'kerzlyn.alto@tup.edu.ph', 'Student', 6, 18, 'active', '2025-04-01 14:09:44'),
(198, 'TUPM-23-6931', 'Ealjean Arielle', 'Velches', 'Female', '09751178746', 'ealjeanarielle.velches@tup.edu.ph', 'Student', 2, 9, 'active', '2025-04-01 14:09:44'),
(199, 'TUPM-23-9021', 'Joao Ashpyr ', 'Catarungan', 'Male', NULL, 'joaoashpyr.catarungan@tup.edu.ph', 'Student', 2, 9, 'active', '2025-04-01 14:09:44'),
(200, 'TUPM-23-7088', 'Binn Yazzer', 'Ayunon', 'Male', '09495941708', 'binnyazzer.ayunon@tup.edu.ph', 'Student', 2, 9, 'active', '2025-04-01 14:09:44'),
(201, 'TUPM-24-0988', 'Kristine Claire', 'Corpuz', 'Female', '09703690205', 'kristineclaire.corpuz@tup.edu.ph', 'Student', 6, 18, 'active', '2025-04-01 14:09:44'),
(202, 'TUPM-24-2344', 'Kharla Mae ', 'Celmar ', 'Female', '09455978618', 'kharlamae.celmar@tup.edu.ph', 'Student', 6, 18, 'active', '2025-04-01 14:09:44'),
(203, 'TUPM-24-1301', 'Angela May', 'Teneros', 'Female', '09201249524', 'angelamay.teneros@tup.edu.ph', 'Student', 6, 18, 'active', '2025-04-01 14:09:44'),
(204, 'TUPM-24-1811', 'Janehery', 'Bernal', 'Female', '09157998759', 'janeherylei.bernal@tup.edu.ph', 'Student', 6, 18, 'active', '2025-04-01 14:09:44'),
(205, 'TUPM-24-2384', 'Irish', 'Nabayra', 'Female', '09772306421', 'irish.nabayra@tup.edu.ph', 'Student', 6, 18, 'active', '2025-04-01 14:09:44'),
(206, 'TUPM-24-0689', 'ANDREA DECELYN', 'SILVA', 'Female', '09381714619', 'andreadecelyn.silva@tup.edu.ph', 'Student', 6, 18, 'active', '2025-04-01 14:09:44'),
(207, 'TUPM-23-6062', 'Sandy ', 'Gawat', 'Female', '09754980420', 'sandy.gawat@tup.edu.ph', 'Student', 2, 9, 'active', '2025-04-01 14:09:44'),
(208, 'TUPM-24-4652', 'Eunice Jody ', 'Urbano ', 'Female', '9513459263', 'eunicejody.urbano@tup.edu.ph', 'Student', 6, 18, 'active', '2025-04-01 14:09:44'),
(209, 'TUPM-24-1818', 'Krizia Mae', 'De Honor ', 'Female', '09122824638', 'kriziamaedehonor@tup.edu.ph', 'Student', 6, 18, 'active', '2025-04-01 14:09:44'),
(210, 'TUPM-24-2429', 'CHRISTINE MAE', 'Ricafrente', 'Female', '09637743734', 'christinemae.ricafrente@tup.edu.ph', 'Student', 6, 18, 'active', '2025-04-01 14:09:44'),
(211, 'TUPM-24-0845', 'MARIE ANGELA', 'DEL CASTILLO', 'Female', '09982676384', 'marieangela.delcastillo@tup.edu.ph', 'Student', 6, 18, 'active', '2025-04-01 14:09:44'),
(212, 'TUPM-24-0869', 'Marie Angelie', 'Del Castillo', 'Female', '09602925476', 'marieangelie.delcastillo@tup.edu.ph', 'Student', 6, 18, 'active', '2025-04-01 14:09:44'),
(213, 'TUPM-24-1482', 'Nicolyn Jean', 'San Jose ', 'Female', '09064644205', 'nicolynjean.sanjose@tup.edu.ph', 'Student', 6, 18, 'active', '2025-04-01 14:09:44'),
(214, 'TUPM-24-0749', 'Berna Marie', 'Toñacao', 'Female', '09166095454', 'bernamarie.tonacao@tup.edu.ph', 'Student', 6, 18, 'active', '2025-04-01 14:09:44'),
(215, 'TUPM-24-2296', 'Alena Joy', 'Torres', 'Female', '09630803975', 'alenajoy.torres@tup.edu.ph', 'Student', 6, 18, 'active', '2025-04-01 14:09:44');

-- --------------------------------------------------------

--
-- Table structure for table `publisher`
--

CREATE TABLE `publisher` (
  `pub_id` int(11) NOT NULL,
  `pub_name` varchar(100) DEFAULT NULL,
  `pub_address` varchar(100) DEFAULT NULL,
  `pub_email` varchar(45) DEFAULT NULL,
  `pub_phone` varchar(45) DEFAULT NULL,
  `pub_website` varchar(45) DEFAULT NULL
) ENGINE=InnoDB DEFAULT CHARSET=utf8mb4 COLLATE=utf8mb4_general_ci;

--
-- Dumping data for table `publisher`
--

INSERT INTO `publisher` (`pub_id`, `pub_name`, `pub_address`, `pub_email`, `pub_phone`, `pub_website`) VALUES
(134, 'MaxCor Publishing House, Inc.', '132 Kalayaan Avenue, Diliman, Quezon City', '', '9211857', 'www.maxcorpublishing.com'),
(135, 'Mindshapers Co., Inc,', 'Rm.108, ICP Bldg., Recoletos St., Intramuros, Manila', 'mindshapersco@yahoo.com', '82546160', 'www.mindshaperspublishing.com'),
(136, 'C & E Publishing, Inc.', '839 EDSA, South Triangle Quezon City, Philippines', 'info@cebookshop.com', '9295088', 'www.cebookshop.com'),
(137, 'REX Book Store', '856 Nicanor Reyes, Sr. St.', '', '7360567', 'www.rexinteractive.com'),
(138, 'ISA-JECHO Publishing, Inc.', '96 Kalayaan Avenue, Diliman, Quezon City', 'isajecho@yahoo.com', '9218289', ''),
(139, 'Mindshapers Cp., Inc.', 'Rm.108, ICP Bldg., Recoletos St., Intramuros, Manila', 'mindshapersco@yahoo.com', '82546160', 'www.mindshaperspublishing.com'),
(140, 'Cengage Learning Asia Pte Ltd', '5 Shenton Way #01-01 UIC Building Singapore 068808', 'asia.infophilippines@cengage.com', '9155290', ''),
(141, 'Lonely Planet', '', '', '', ''),
(142, 'Mindshapers Co., Inc.', 'Rm. 108 Intramuros Corporate Plaza Building Recoletos Street, Intramuros, Manila', 'mindshapersco@yahoo.com', '82546160', '');

-- --------------------------------------------------------

--
-- Table structure for table `reportcategory`
--

CREATE TABLE `reportcategory` (
  `cat_id` int(11) NOT NULL,
  `cat_name` varchar(45) DEFAULT NULL
) ENGINE=InnoDB DEFAULT CHARSET=utf8mb4 COLLATE=utf8mb4_general_ci;

--
-- Dumping data for table `reportcategory`
--

INSERT INTO `reportcategory` (`cat_id`, `cat_name`) VALUES
(1, 'attendance'),
(2, 'circulation'),
(3, 'inventory'),
(4, 'patron');

-- --------------------------------------------------------

--
-- Table structure for table `reportdetail`
--

CREATE TABLE `reportdetail` (
  `detail_id` int(11) NOT NULL,
  `detail_name` varchar(45) DEFAULT NULL,
  `cat_id` int(11) DEFAULT NULL
) ENGINE=InnoDB DEFAULT CHARSET=utf8mb4 COLLATE=utf8mb4_general_ci;

--
-- Dumping data for table `reportdetail`
--

INSERT INTO `reportdetail` (`detail_id`, `detail_name`, `cat_id`) VALUES
(1, 'daily attendance', 1),
(2, 'monthly attendance', 1),
(3, 'books issued', 2),
(4, 'books returned', 2),
(5, 'overdue books', 2),
(6, 'most borrowed books', 2),
(7, 'least borrowed books', 2),
(8, 'available resources', 3),
(9, 'lost resources', 3),
(10, 'damaged resources', 3),
(11, 'books', 3),
(12, 'journals', 3),
(13, 'newsletters', 3),
(14, 'theses', 3),
(15, 'top borrowers', 4),
(16, 'users with overdue', 4),
(17, 'daily circulation', 2),
(18, 'monthly circulation', 2),
(19, 'custom attendance', 1),
(20, 'custom circulation', 2);

-- --------------------------------------------------------

--
-- Table structure for table `reports`
--

CREATE TABLE `reports` (
  `report_id` int(11) NOT NULL,
  `report_name` varchar(45) DEFAULT NULL,
  `report_description` varchar(45) DEFAULT NULL,
  `cat_id` int(11) DEFAULT NULL,
  `detail_id` int(11) DEFAULT NULL,
  `staff_id` int(11) DEFAULT NULL,
  `report_start_date` date DEFAULT NULL,
  `report_end_date` date DEFAULT NULL,
  `created_at` timestamp NULL DEFAULT current_timestamp(),
  `filepath` varchar(500) DEFAULT NULL
) ENGINE=InnoDB DEFAULT CHARSET=utf8mb4 COLLATE=utf8mb4_general_ci;

-- --------------------------------------------------------

--
-- Table structure for table `resourceauthors`
--

CREATE TABLE `resourceauthors` (
  `resource_id` int(11) NOT NULL,
  `author_id` int(11) NOT NULL
) ENGINE=InnoDB DEFAULT CHARSET=utf8mb4 COLLATE=utf8mb4_general_ci;

--
-- Dumping data for table `resourceauthors`
--

INSERT INTO `resourceauthors` (`resource_id`, `author_id`) VALUES
(568, 303),
(569, 304),
(570, 305),
(570, 306),
(571, 307),
(571, 308),
(572, 306),
(572, 309),
(573, 310),
(574, 311),
(574, 312),
(575, 313),
(576, 314),
(577, 315),
(577, 316),
(577, 317),
(578, 309),
(578, 318),
(578, 319),
(579, 320),
(579, 321);

-- --------------------------------------------------------

--
-- Table structure for table `resources`
--

CREATE TABLE `resources` (
  `resource_id` int(11) NOT NULL,
  `resource_title` varchar(200) DEFAULT NULL,
  `resource_description` varchar(1000) DEFAULT NULL,
  `resource_published_date` varchar(20) DEFAULT NULL,
  `original_resource_quantity` int(10) NOT NULL,
  `resource_quantity` int(11) DEFAULT NULL,
  `resource_is_circulation` tinyint(4) DEFAULT NULL,
  `dept_id` int(11) DEFAULT NULL,
  `type_id` int(11) DEFAULT NULL,
  `avail_id` int(11) DEFAULT NULL,
  `resource_is_archived` tinyint(4) DEFAULT 0,
  `timestamp` timestamp NULL DEFAULT current_timestamp()
) ENGINE=InnoDB DEFAULT CHARSET=utf8mb4 COLLATE=utf8mb4_general_ci;

--
-- Dumping data for table `resources`
--

INSERT INTO `resources` (`resource_id`, `resource_title`, `resource_description`, `resource_published_date`, `original_resource_quantity`, `resource_quantity`, `resource_is_circulation`, `dept_id`, `type_id`, `avail_id`, `resource_is_archived`, `timestamp`) VALUES
(568, 'Our Daily Bread 2005 Annual Edition', '', '2004', 1, 1, 0, 1, 2, 1, 0, '2025-04-01 16:14:47'),
(569, 'The Fault under Pnoys Governance', '', '2014', 1, 1, 0, 5, 2, 1, 0, '2025-04-01 16:15:13'),
(570, 'Principles of Tourism 1', '', '2014', 2, 2, 1, 4, 1, 1, 0, '2025-04-01 16:16:24'),
(571, 'Tourism and Hospitality Marketing', '', '2022', 2, 2, 1, 4, 1, 1, 0, '2025-04-01 16:16:24'),
(572, 'Principles of Tourism 2', '', '2010', 2, 2, 1, 4, 1, 1, 0, '2025-04-01 16:16:24'),
(573, 'Micro Perspective of Tourism and Hosptality', '', '2019', 1, 1, 1, 4, 1, 1, 0, '2025-04-01 16:16:24'),
(574, 'English Filipino Japanese Dictionary', '', '2019', 1, 1, 1, 4, 1, 1, 0, '2025-04-01 16:16:24'),
(575, 'Understanding Travel and Tours Essential', '', '2011', 1, 1, 1, 4, 1, 1, 0, '2025-04-01 16:16:24'),
(576, 'Selling Tourism Desinations Geography for Travel Professionals', '', '2011', 1, 1, 1, 4, 1, 1, 0, '2025-04-01 16:16:24'),
(577, 'Lonely Planet You Only Live Once 1 1st Ed: A Lifetime of Experiences for the Explorer in All of Us', '', '2016', 1, 1, 1, 4, 1, 1, 0, '2025-04-01 16:16:25'),
(578, 'Quality Service Management in Tourism and Hospitality', '', '2020', 1, 1, 1, 4, 1, 1, 0, '2025-04-01 16:16:25'),
(579, 'Room Division: Management and Control System', '', '2011', 1, 1, 1, 4, 1, 1, 0, '2025-04-01 16:16:25');

-- --------------------------------------------------------

--
-- Table structure for table `resourcetype`
--

CREATE TABLE `resourcetype` (
  `type_id` int(11) NOT NULL,
  `type_name` varchar(45) DEFAULT NULL
) ENGINE=InnoDB DEFAULT CHARSET=utf8mb4 COLLATE=utf8mb4_general_ci;

--
-- Dumping data for table `resourcetype`
--

INSERT INTO `resourcetype` (`type_id`, `type_name`) VALUES
(1, 'book'),
(2, 'journal'),
(3, 'newsletter'),
(4, 'thesis');

-- --------------------------------------------------------

--
-- Table structure for table `roles`
--

CREATE TABLE `roles` (
  `role_id` int(11) NOT NULL,
  `role_name` varchar(45) DEFAULT NULL
) ENGINE=InnoDB DEFAULT CHARSET=utf8mb4 COLLATE=utf8mb4_general_ci;

--
-- Dumping data for table `roles`
--

INSERT INTO `roles` (`role_id`, `role_name`) VALUES
(1, 'admin'),
(2, 'staff');

-- --------------------------------------------------------

--
-- Table structure for table `staffaccount`
--

CREATE TABLE `staffaccount` (
  `staff_id` int(11) NOT NULL,
  `staff_uname` varchar(45) DEFAULT NULL,
  `staff_fname` varchar(45) DEFAULT NULL,
  `staff_lname` varchar(45) DEFAULT NULL,
  `staff_password` varchar(500) DEFAULT NULL,
  `staff_status` varchar(45) DEFAULT NULL,
  `role_id` int(11) DEFAULT NULL
) ENGINE=InnoDB DEFAULT CHARSET=utf8mb4 COLLATE=utf8mb4_general_ci;

--
-- Dumping data for table `staffaccount`
--

INSERT INTO `staffaccount` (`staff_id`, `staff_uname`, `staff_fname`, `staff_lname`, `staff_password`, `staff_status`, `role_id`) VALUES
(11, 'admin', 'admin', 'admin', '$2b$10$cuJjy.qU.HmrzFv3vPmQyu6ZKmtlGqd2I2ICo1FFDK7giAD5nLeZO', 'active', 1);

-- --------------------------------------------------------

--
-- Table structure for table `thesis`
--

CREATE TABLE `thesis` (
  `thesis_id` int(11) NOT NULL,
  `resource_id` int(11) DEFAULT NULL,
  `adviser_id` int(11) DEFAULT NULL
) ENGINE=InnoDB DEFAULT CHARSET=utf8mb4 COLLATE=utf8mb4_general_ci;

-- --------------------------------------------------------

--
-- Table structure for table `topic`
--

CREATE TABLE `topic` (
  `topic_id` int(11) NOT NULL,
  `topic_name` varchar(100) DEFAULT NULL,
  `topic_row_no` varchar(45) DEFAULT NULL,
  `dept_id` int(11) DEFAULT NULL
) ENGINE=InnoDB DEFAULT CHARSET=utf8mb4 COLLATE=utf8mb4_general_ci;

--
-- Dumping data for table `topic`
--

INSERT INTO `topic` (`topic_id`, `topic_name`, `topic_row_no`, `dept_id`) VALUES
(1, 'information and organizational management', '1', 3),
(2, 'operational management', '2', 3),
(3, 'financial management', '3', 3),
(4, 'accounting', '4', 3),
(5, 'business and human resource', '5', 3),
(6, 'marketing', '6', 3),
(7, 'philippine history and rizal', '1', 1),
(8, 'psychology', '2', 1),
(9, 'politics and government', '3', 1),
(10, 'sociology and anthropology', '4', 1),
(11, 'philosophy and ethics', '5', 1),
(12, 'writing', '1', 2),
(13, 'communication', '2', 2),
(14, 'literature', '3', 2),
(15, 'food preparation and service', '1', 4),
(16, 'hospitality management', '3', 3),
(19, 'tourism and marketing', '1', 4),
(20, 'References', '5', 5);

--
-- Indexes for dumped tables
--

--
-- Indexes for table `adviser`
--
ALTER TABLE `adviser`
  ADD PRIMARY KEY (`adviser_id`);

--
-- Indexes for table `attendance`
--
ALTER TABLE `attendance`
  ADD PRIMARY KEY (`att_id`),
  ADD KEY `att_patron_id_idx` (`patron_id`);

--
-- Indexes for table `audit_log`
--
ALTER TABLE `audit_log`
  ADD PRIMARY KEY (`audit_id`);

--
-- Indexes for table `author`
--
ALTER TABLE `author`
  ADD PRIMARY KEY (`author_id`);

--
-- Indexes for table `availability`
--
ALTER TABLE `availability`
  ADD PRIMARY KEY (`avail_id`);

--
-- Indexes for table `book`
--
ALTER TABLE `book`
  ADD PRIMARY KEY (`book_id`),
  ADD KEY `book_pub_id` (`pub_id`),
  ADD KEY `book_res_id` (`resource_id`),
  ADD KEY `book_topic_id_idx` (`topic_id`);

--
-- Indexes for table `checkin`
--
ALTER TABLE `checkin`
  ADD PRIMARY KEY (`checkin_id`),
  ADD KEY `ci_checkout_id` (`checkout_id`);

--
-- Indexes for table `checkout`
--
ALTER TABLE `checkout`
  ADD PRIMARY KEY (`checkout_id`),
  ADD KEY `che_resource_id_idx` (`resource_id`),
  ADD KEY `che_pat_id_idx` (`patron_id`);

--
-- Indexes for table `college`
--
ALTER TABLE `college`
  ADD PRIMARY KEY (`college_id`);

--
-- Indexes for table `course`
--
ALTER TABLE `course`
  ADD PRIMARY KEY (`course_id`);

--
-- Indexes for table `department`
--
ALTER TABLE `department`
  ADD PRIMARY KEY (`dept_id`);

--
-- Indexes for table `journalnewsletter`
--
ALTER TABLE `journalnewsletter`
  ADD PRIMARY KEY (`jn_id`),
  ADD KEY `jn_resource_id` (`resource_id`),
  ADD KEY `jn_topic_id_idx` (`topic_id`);

--
-- Indexes for table `overdue`
--
ALTER TABLE `overdue`
  ADD PRIMARY KEY (`overdue_id`),
  ADD KEY `ov_checkout_id` (`checkout_id`);

--
-- Indexes for table `patron`
--
ALTER TABLE `patron`
  ADD PRIMARY KEY (`patron_id`),
  ADD KEY `pat_college_id_idx` (`college_id`),
  ADD KEY `pat_course_id_idx` (`course_id`);

--
-- Indexes for table `publisher`
--
ALTER TABLE `publisher`
  ADD PRIMARY KEY (`pub_id`);

--
-- Indexes for table `reportcategory`
--
ALTER TABLE `reportcategory`
  ADD PRIMARY KEY (`cat_id`);

--
-- Indexes for table `reportdetail`
--
ALTER TABLE `reportdetail`
  ADD PRIMARY KEY (`detail_id`),
  ADD KEY `cat_id_idx` (`cat_id`);

--
-- Indexes for table `reports`
--
ALTER TABLE `reports`
  ADD PRIMARY KEY (`report_id`),
  ADD KEY `rep_cat_id_idx` (`cat_id`),
  ADD KEY `rep_detail_id_idx` (`detail_id`),
  ADD KEY `rep_staff_id_idx` (`staff_id`);

--
-- Indexes for table `resourceauthors`
--
ALTER TABLE `resourceauthors`
  ADD PRIMARY KEY (`resource_id`,`author_id`),
  ADD KEY `ra_resource_id_idx` (`resource_id`),
  ADD KEY `ra_author_d_idx` (`author_id`);

--
-- Indexes for table `resources`
--
ALTER TABLE `resources`
  ADD PRIMARY KEY (`resource_id`),
  ADD KEY `res_avail_id` (`avail_id`),
  ADD KEY `res_dept_id` (`dept_id`),
  ADD KEY `res_type_id` (`type_id`);

--
-- Indexes for table `resourcetype`
--
ALTER TABLE `resourcetype`
  ADD PRIMARY KEY (`type_id`);

--
-- Indexes for table `roles`
--
ALTER TABLE `roles`
  ADD PRIMARY KEY (`role_id`);

--
-- Indexes for table `staffaccount`
--
ALTER TABLE `staffaccount`
  ADD PRIMARY KEY (`staff_id`),
  ADD KEY `sa_role_id_idx` (`role_id`);

--
-- Indexes for table `thesis`
--
ALTER TABLE `thesis`
  ADD PRIMARY KEY (`thesis_id`),
  ADD KEY `the_adviser_id` (`adviser_id`),
  ADD KEY `the_resource_id` (`resource_id`);

--
-- Indexes for table `topic`
--
ALTER TABLE `topic`
  ADD PRIMARY KEY (`topic_id`),
  ADD KEY `fk_topic_department` (`dept_id`);

--
-- AUTO_INCREMENT for dumped tables
--

--
-- AUTO_INCREMENT for table `adviser`
--
ALTER TABLE `adviser`
  MODIFY `adviser_id` int(11) NOT NULL AUTO_INCREMENT, AUTO_INCREMENT=34;

--
-- AUTO_INCREMENT for table `attendance`
--
ALTER TABLE `attendance`
  MODIFY `att_id` int(11) NOT NULL AUTO_INCREMENT, AUTO_INCREMENT=62;

--
-- AUTO_INCREMENT for table `audit_log`
--
ALTER TABLE `audit_log`
  MODIFY `audit_id` int(11) NOT NULL AUTO_INCREMENT, AUTO_INCREMENT=571;

--
-- AUTO_INCREMENT for table `author`
--
ALTER TABLE `author`
  MODIFY `author_id` int(11) NOT NULL AUTO_INCREMENT, AUTO_INCREMENT=322;

--
-- AUTO_INCREMENT for table `availability`
--
ALTER TABLE `availability`
  MODIFY `avail_id` int(11) NOT NULL AUTO_INCREMENT, AUTO_INCREMENT=7;

--
-- AUTO_INCREMENT for table `book`
--
ALTER TABLE `book`
  MODIFY `book_id` int(11) NOT NULL AUTO_INCREMENT, AUTO_INCREMENT=276;

--
-- AUTO_INCREMENT for table `checkin`
--
ALTER TABLE `checkin`
  MODIFY `checkin_id` int(11) NOT NULL AUTO_INCREMENT, AUTO_INCREMENT=121;

--
-- AUTO_INCREMENT for table `checkout`
--
ALTER TABLE `checkout`
  MODIFY `checkout_id` int(11) NOT NULL AUTO_INCREMENT, AUTO_INCREMENT=101;

--
-- AUTO_INCREMENT for table `department`
--
ALTER TABLE `department`
  MODIFY `dept_id` int(11) NOT NULL AUTO_INCREMENT, AUTO_INCREMENT=16;

--
-- AUTO_INCREMENT for table `journalnewsletter`
--
ALTER TABLE `journalnewsletter`
  MODIFY `jn_id` int(11) NOT NULL AUTO_INCREMENT, AUTO_INCREMENT=35;

--
-- AUTO_INCREMENT for table `overdue`
--
ALTER TABLE `overdue`
  MODIFY `overdue_id` int(11) NOT NULL AUTO_INCREMENT, AUTO_INCREMENT=14;

--
-- AUTO_INCREMENT for table `patron`
--
ALTER TABLE `patron`
  MODIFY `patron_id` int(11) NOT NULL AUTO_INCREMENT, AUTO_INCREMENT=216;

--
-- AUTO_INCREMENT for table `publisher`
--
ALTER TABLE `publisher`
  MODIFY `pub_id` int(11) NOT NULL AUTO_INCREMENT, AUTO_INCREMENT=143;

--
-- AUTO_INCREMENT for table `reportcategory`
--
ALTER TABLE `reportcategory`
  MODIFY `cat_id` int(11) NOT NULL AUTO_INCREMENT, AUTO_INCREMENT=5;

--
-- AUTO_INCREMENT for table `reportdetail`
--
ALTER TABLE `reportdetail`
  MODIFY `detail_id` int(11) NOT NULL AUTO_INCREMENT, AUTO_INCREMENT=21;

--
-- AUTO_INCREMENT for table `reports`
--
ALTER TABLE `reports`
  MODIFY `report_id` int(11) NOT NULL AUTO_INCREMENT, AUTO_INCREMENT=9;

--
-- AUTO_INCREMENT for table `resources`
--
ALTER TABLE `resources`
  MODIFY `resource_id` int(11) NOT NULL AUTO_INCREMENT, AUTO_INCREMENT=580;

--
-- AUTO_INCREMENT for table `resourcetype`
--
ALTER TABLE `resourcetype`
  MODIFY `type_id` int(11) NOT NULL AUTO_INCREMENT, AUTO_INCREMENT=5;

--
-- AUTO_INCREMENT for table `roles`
--
ALTER TABLE `roles`
  MODIFY `role_id` int(11) NOT NULL AUTO_INCREMENT, AUTO_INCREMENT=3;

--
-- AUTO_INCREMENT for table `staffaccount`
--
ALTER TABLE `staffaccount`
  MODIFY `staff_id` int(11) NOT NULL AUTO_INCREMENT, AUTO_INCREMENT=23;

--
-- AUTO_INCREMENT for table `thesis`
--
ALTER TABLE `thesis`
  MODIFY `thesis_id` int(11) NOT NULL AUTO_INCREMENT, AUTO_INCREMENT=42;

--
-- AUTO_INCREMENT for table `topic`
--
ALTER TABLE `topic`
  MODIFY `topic_id` int(11) NOT NULL AUTO_INCREMENT, AUTO_INCREMENT=21;

--
-- Constraints for dumped tables
--

--
-- Constraints for table `attendance`
--
ALTER TABLE `attendance`
  ADD CONSTRAINT `att_patron_id` FOREIGN KEY (`patron_id`) REFERENCES `patron` (`patron_id`) ON DELETE NO ACTION ON UPDATE NO ACTION;

--
-- Constraints for table `book`
--
ALTER TABLE `book`
  ADD CONSTRAINT `book_pub_id` FOREIGN KEY (`pub_id`) REFERENCES `publisher` (`pub_id`) ON DELETE SET NULL ON UPDATE SET NULL,
  ADD CONSTRAINT `book_res_id` FOREIGN KEY (`resource_id`) REFERENCES `resources` (`resource_id`) ON DELETE NO ACTION ON UPDATE NO ACTION,
  ADD CONSTRAINT `book_topic_id` FOREIGN KEY (`topic_id`) REFERENCES `topic` (`topic_id`) ON DELETE NO ACTION ON UPDATE NO ACTION;

--
-- Constraints for table `checkin`
--
ALTER TABLE `checkin`
  ADD CONSTRAINT `ci_checkout_id` FOREIGN KEY (`checkout_id`) REFERENCES `checkout` (`checkout_id`) ON DELETE NO ACTION ON UPDATE NO ACTION;

--
-- Constraints for table `checkout`
--
ALTER TABLE `checkout`
  ADD CONSTRAINT `che_pat_id` FOREIGN KEY (`patron_id`) REFERENCES `patron` (`patron_id`) ON DELETE NO ACTION ON UPDATE NO ACTION,
  ADD CONSTRAINT `che_resource_id` FOREIGN KEY (`resource_id`) REFERENCES `resources` (`resource_id`) ON DELETE NO ACTION ON UPDATE NO ACTION;

--
-- Constraints for table `journalnewsletter`
--
ALTER TABLE `journalnewsletter`
  ADD CONSTRAINT `jn_resource_id` FOREIGN KEY (`resource_id`) REFERENCES `resources` (`resource_id`) ON DELETE NO ACTION ON UPDATE NO ACTION,
  ADD CONSTRAINT `jn_topic_id` FOREIGN KEY (`topic_id`) REFERENCES `topic` (`topic_id`) ON DELETE NO ACTION ON UPDATE NO ACTION;

--
-- Constraints for table `overdue`
--
ALTER TABLE `overdue`
  ADD CONSTRAINT `ov_checkout_id` FOREIGN KEY (`checkout_id`) REFERENCES `checkout` (`checkout_id`) ON DELETE NO ACTION ON UPDATE NO ACTION;

--
-- Constraints for table `patron`
--
ALTER TABLE `patron`
  ADD CONSTRAINT `pat_college_id` FOREIGN KEY (`college_id`) REFERENCES `college` (`college_id`) ON DELETE NO ACTION ON UPDATE NO ACTION,
  ADD CONSTRAINT `pat_course_id` FOREIGN KEY (`course_id`) REFERENCES `course` (`course_id`) ON DELETE NO ACTION ON UPDATE NO ACTION;

--
-- Constraints for table `reportdetail`
--
ALTER TABLE `reportdetail`
  ADD CONSTRAINT `cat_id` FOREIGN KEY (`cat_id`) REFERENCES `reportcategory` (`cat_id`) ON DELETE NO ACTION ON UPDATE NO ACTION;

--
-- Constraints for table `reports`
--
ALTER TABLE `reports`
  ADD CONSTRAINT `rep_cat_id` FOREIGN KEY (`cat_id`) REFERENCES `reportcategory` (`cat_id`) ON DELETE NO ACTION ON UPDATE NO ACTION,
  ADD CONSTRAINT `rep_detail_id` FOREIGN KEY (`detail_id`) REFERENCES `reportdetail` (`detail_id`) ON DELETE NO ACTION ON UPDATE NO ACTION,
  ADD CONSTRAINT `rep_staff_id` FOREIGN KEY (`staff_id`) REFERENCES `staffaccount` (`staff_id`) ON DELETE NO ACTION ON UPDATE NO ACTION;

--
-- Constraints for table `resourceauthors`
--
ALTER TABLE `resourceauthors`
  ADD CONSTRAINT `fk_author_id` FOREIGN KEY (`author_id`) REFERENCES `author` (`author_id`),
  ADD CONSTRAINT `fk_resource_id` FOREIGN KEY (`resource_id`) REFERENCES `resources` (`resource_id`),
  ADD CONSTRAINT `ra_author_d` FOREIGN KEY (`author_id`) REFERENCES `author` (`author_id`) ON DELETE NO ACTION ON UPDATE NO ACTION,
  ADD CONSTRAINT `ra_resource_id` FOREIGN KEY (`resource_id`) REFERENCES `resources` (`resource_id`) ON DELETE NO ACTION ON UPDATE NO ACTION;

--
-- Constraints for table `resources`
--
ALTER TABLE `resources`
  ADD CONSTRAINT `res_avail_id` FOREIGN KEY (`avail_id`) REFERENCES `availability` (`avail_id`) ON DELETE NO ACTION ON UPDATE NO ACTION,
  ADD CONSTRAINT `res_dept_id` FOREIGN KEY (`dept_id`) REFERENCES `department` (`dept_id`) ON DELETE NO ACTION ON UPDATE NO ACTION,
  ADD CONSTRAINT `res_type_id` FOREIGN KEY (`type_id`) REFERENCES `resourcetype` (`type_id`) ON DELETE NO ACTION ON UPDATE NO ACTION;

--
-- Constraints for table `staffaccount`
--
ALTER TABLE `staffaccount`
  ADD CONSTRAINT `sa_role_id` FOREIGN KEY (`role_id`) REFERENCES `roles` (`role_id`) ON DELETE NO ACTION ON UPDATE NO ACTION;

--
-- Constraints for table `thesis`
--
ALTER TABLE `thesis`
  ADD CONSTRAINT `the_adviser_id` FOREIGN KEY (`adviser_id`) REFERENCES `adviser` (`adviser_id`) ON DELETE NO ACTION ON UPDATE NO ACTION,
  ADD CONSTRAINT `the_resource_id` FOREIGN KEY (`resource_id`) REFERENCES `resources` (`resource_id`) ON DELETE NO ACTION ON UPDATE NO ACTION;

--
-- Constraints for table `topic`
--
ALTER TABLE `topic`
  ADD CONSTRAINT `fk_topic_department` FOREIGN KEY (`dept_id`) REFERENCES `department` (`dept_id`) ON DELETE CASCADE;
COMMIT;

/*!40101 SET CHARACTER_SET_CLIENT=@OLD_CHARACTER_SET_CLIENT */;
/*!40101 SET CHARACTER_SET_RESULTS=@OLD_CHARACTER_SET_RESULTS */;
/*!40101 SET COLLATION_CONNECTION=@OLD_COLLATION_CONNECTION */;
